{"cameraMode":{"drawMode":0,"name":"Shaded","section":"Shading Mode"},"sceneLighting":true,"audioPlay":false,"sceneViewState":{"m_AlwaysRefresh":false,"showFog":true,"showSkybox":true,"showFlares":true,"showImageEffects":true,"showParticleSystems":true,"showVisualEffectGraphs":true,"m_FxEnabled":true},"in2DMode":false,"pivot":{"x":-13.269486427307129,"y":-3.140650749206543,"z":21.54852867126465},"rotation":{"x":-0.10111992806196213,"y":0.27157115936279299,"z":-0.028705107048153878,"w":-0.9566600322723389},"size":30.054340362548829,"orthographic":false}