{"cameraMode":{"drawMode":0,"name":"Shaded","section":"Shading Mode"},"sceneLighting":true,"audioPlay":false,"sceneViewState":{"m_AlwaysRefresh":false,"showFog":true,"showSkybox":true,"showFlares":true,"showImageEffects":true,"showParticleSystems":true,"showVisualEffectGraphs":true,"m_FxEnabled":true},"in2DMode":false,"pivot":{"x":-16.02361488342285,"y":-10.147064208984375,"z":16.803396224975587},"rotation":{"x":-0.21165208518505097,"y":0.2509312927722931,"z":-0.05632581189274788,"w":-0.9429019093513489},"size":26.543331146240236,"orthographic":false}